{
  "1500-1529": {
    "status": "completed",
    "updeg_gini": 0.7590295299504719,
    "lowdeg_gini": 0.3676579083850138,
    "clustering": {
      "obs": 0.4074646553547282,
      "coef_mean": 1.1783266825804541,
      "coef_lb": 1.1308926781775055,
      "coef_ub": 1.225760686983403
    },
    "distance": {
      "obs": 3.8534959349593496,
      "coef_mean": 0.9420772871091107,
      "coef_lb": 0.9284238145236775,
      "coef_ub": 0.9557307596945436
    }
  },
  "1530-1559": {
    "status": "completed",
    "updeg_gini": 0.7939716907666701,
    "lowdeg_gini": 0.2797755668927968,
    "clustering": {
      "obs": 0.506293879548863,
      "coef_mean": 0.9451367428844402,
      "coef_lb": 0.9389397995767733,
      "coef_ub": 0.9513336861921068
    },
    "distance": {
      "obs": 3.6096394686907023,
      "coef_mean": 0.9206026031147813,
      "coef_lb": 0.8941678240615737,
      "coef_ub": 0.947037382167989
    }
  },
  "1560-1589": {
    "status": "completed",
    "updeg_gini": 0.757057057057057,
    "lowdeg_gini": 0.1941429618594972,
    "clustering": {
      "obs": 0.600710407496932,
      "coef_mean": 1.009982227264853,
      "coef_lb": 1.009982227264853,
      "coef_ub": 1.009982227264853
    },
    "distance": {
      "obs": 4.035950413223141,
      "coef_mean": 1.053500161794844,
      "coef_lb": 1.053500161794844,
      "coef_ub": 1.053500161794844
    }
  },
  "1590-1619": {
    "status": "completed",
    "updeg_gini": 0.6950327134986227,
    "lowdeg_gini": 0.28019290123456786,
    "clustering": {
      "obs": 0.5828338921438571,
      "coef_mean": 1.1383023633270064,
      "coef_lb": 1.1383023633270062,
      "coef_ub": 1.138432399248464
    },
    "distance": {
      "obs": 4.479864864864865,
      "coef_mean": 1.0425022186793917,
      "coef_lb": 1.0419221556672398,
      "coef_ub": 1.0425022186793917
    }
  },
  "1620-1649": {
    "status": "completed",
    "updeg_gini": 0.7410399620782755,
    "lowdeg_gini": 0.28040582632580713,
    "clustering": {
      "obs": 0.5580485546135708,
      "coef_mean": 1.0716191647141133,
      "coef_lb": 1.0483789441930613,
      "coef_ub": 1.0948593852351656
    },
    "distance": {
      "obs": 4.1818779342723005,
      "coef_mean": 0.9917449885687679,
      "coef_lb": 0.9715990441065956,
      "coef_ub": 1.0118909330309398
    }
  },
  "1650-1679": {
    "status": "completed",
    "updeg_gini": 0.7760915770935812,
    "lowdeg_gini": 0.25956291401540343,
    "clustering": {
      "obs": 0.5856063282045711,
      "coef_mean": 1.0842464085014747,
      "coef_lb": 1.0842464085014747,
      "coef_ub": 1.0842464085014747
    },
    "distance": {
      "obs": 4.308794253463314,
      "coef_mean": 1.0452406912311618,
      "coef_lb": 1.045240691231162,
      "coef_ub": 1.045240691231162
    }
  },
  "1680-1709": {
    "status": "completed",
    "updeg_gini": 0.7715562253659729,
    "lowdeg_gini": 0.3236781726030118,
    "clustering": {
      "obs": 0.5252918158943507,
      "coef_mean": 1.2285727063777858,
      "coef_lb": 1.2277930797074716,
      "coef_ub": 1.228572706377786
    },
    "distance": {
      "obs": 5.0088487972508595,
      "coef_mean": 1.1432708037933732,
      "coef_lb": 1.1415587260346576,
      "coef_ub": 1.1432708037933734
    }
  },
  "1710-1739": {
    "status": "completed",
    "updeg_gini": 0.4493081613508443,
    "lowdeg_gini": 0.4735292524377033,
    "clustering": {
      "obs": 0.3539559244053778,
      "coef_mean": 1.4348157831022914,
      "coef_lb": 1.3861576193368494,
      "coef_ub": 1.4834739468677338
    },
    "distance": {
      "obs": 6.086261859582542,
      "coef_mean": 1.1930543399358655,
      "coef_lb": 1.1807267731548898,
      "coef_ub": 1.2053819067168408
    }
  },
  "1740-1769": {
    "status": "completed",
    "updeg_gini": 0.4870794117158841,
    "lowdeg_gini": 0.44935919153643833,
    "clustering": {
      "obs": 0.3830413051610894,
      "coef_mean": 1.4102179511694088,
      "coef_lb": 1.4071400068642292,
      "coef_ub": 1.4330381417561324
    },
    "distance": {
      "obs": 6.181272430668842,
      "coef_mean": 1.2485450994608902,
      "coef_lb": 1.2459372595189757,
      "coef_ub": 1.252406904991264
    }
  },
  "1770-1799": {
    "status": "completed",
    "updeg_gini": 0.608317133178444,
    "lowdeg_gini": 0.3536814117922047,
    "clustering": {
      "obs": 0.42412377227486225,
      "coef_mean": 1.0847971959338716,
      "coef_lb": 1.0100659458148449,
      "coef_ub": 1.1588976298642422
    },
    "distance": {
      "obs": 5.675222672064777,
      "coef_mean": 1.1445181895014667,
      "coef_lb": 1.127064652658648,
      "coef_ub": 1.1673541972781158
    }
  }
}