{
  "1500-1529": {
    "status": "completed",
    "updeg_gini": 0.7364436788209399,
    "lowdeg_gini": 0.3699937471825967,
    "clustering": {
      "obs": 0.4194449032338209,
      "coef_mean": 1.0905930577620595,
      "coef_lb": 1.0905930577620593,
      "coef_ub": 1.0905930577620593
    },
    "distance": {
      "obs": 3.8071733966745844,
      "coef_mean": 0.9338307739469661,
      "coef_lb": 0.9338307739469661,
      "coef_ub": 0.9338307739469661
    }
  },
  "1530-1559": {
    "status": "completed",
    "updeg_gini": 0.8086680153266319,
    "lowdeg_gini": 0.41371461089770944,
    "clustering": {
      "obs": 0.40996817603555896,
      "coef_mean": 1.0769505579327927,
      "coef_lb": 1.076411952487762,
      "coef_ub": 1.0769505579327923
    },
    "distance": {
      "obs": 3.6847169811320755,
      "coef_mean": 0.9436217351625512,
      "coef_lb": 0.9436217351625511,
      "coef_ub": 0.9447125316638882
    }
  },
  "1560-1589": {
    "status": "completed",
    "updeg_gini": 0.8091507956623278,
    "lowdeg_gini": 0.3651131662204916,
    "clustering": {
      "obs": 0.45005057599071535,
      "coef_mean": 0.9679903618659569,
      "coef_lb": 0.9499747094427056,
      "coef_ub": 0.9820630906230364
    },
    "distance": {
      "obs": 3.90985842985843,
      "coef_mean": 0.964301621059445,
      "coef_lb": 0.963943349200355,
      "coef_ub": 0.9661896459428561
    }
  },
  "1590-1619": {
    "status": "completed",
    "updeg_gini": 0.8406691026113775,
    "lowdeg_gini": 0.1973945171941347,
    "clustering": {
      "obs": 0.7349507876891483,
      "coef_mean": 0.9939530796750548,
      "coef_lb": 0.9832881284507752,
      "coef_ub": 0.9954084990685503
    },
    "distance": {
      "obs": 4.221820910455228,
      "coef_mean": 1.0032134003777182,
      "coef_lb": 1.0023117433709192,
      "coef_ub": 1.0106396206112707
    }
  },
  "1620-1649": {
    "status": "completed",
    "updeg_gini": 0.8220777773650783,
    "lowdeg_gini": 0.1853368602405463,
    "clustering": {
      "obs": 0.7646408005331782,
      "coef_mean": 0.9997952589465122,
      "coef_lb": 0.999795258946512,
      "coef_ub": 0.999795258946512
    },
    "distance": {
      "obs": 3.993206865401987,
      "coef_mean": 0.9758094643621581,
      "coef_lb": 0.9758094643621582,
      "coef_ub": 0.9758094643621582
    }
  },
  "1650-1679": {
    "status": "completed",
    "updeg_gini": 0.7981795354676711,
    "lowdeg_gini": 0.24222788744885348,
    "clustering": {
      "obs": 0.6733161284127843,
      "coef_mean": 1.0095913301671504,
      "coef_lb": 1.007905769956309,
      "coef_ub": 1.0242239040870318
    },
    "distance": {
      "obs": 3.8990383898620946,
      "coef_mean": 0.9710315096070667,
      "coef_lb": 0.9697940479263665,
      "coef_ub": 0.9786551041254841
    }
  },
  "1680-1709": {
    "status": "completed",
    "updeg_gini": 0.7714375685448407,
    "lowdeg_gini": 0.2853413478413478,
    "clustering": {
      "obs": 0.6001290400791794,
      "coef_mean": 1.0840993922727276,
      "coef_lb": 1.0840993922727273,
      "coef_ub": 1.0856631938401
    },
    "distance": {
      "obs": 4.138756191524491,
      "coef_mean": 1.007396440832857,
      "coef_lb": 1.0073964408328573,
      "coef_ub": 1.007873406156272
    }
  },
  "1710-1739": {
    "status": "completed",
    "updeg_gini": 0.5377000149543891,
    "lowdeg_gini": 0.3330762634142854,
    "clustering": {
      "obs": 0.43517206596867114,
      "coef_mean": 1.0535012325508688,
      "coef_lb": 1.053501232550869,
      "coef_ub": 1.053501232550869
    },
    "distance": {
      "obs": 5.256642335766423,
      "coef_mean": 1.1097307687891695,
      "coef_lb": 1.1097307687891693,
      "coef_ub": 1.1097307687891693
    }
  },
  "1740-1769": {
    "status": "completed",
    "updeg_gini": 0.46664710174815194,
    "lowdeg_gini": 0.34681868683191786,
    "clustering": {
      "obs": 0.3998260256137883,
      "coef_mean": 1.0137816558552761,
      "coef_lb": 1.013781655855276,
      "coef_ub": 1.0141381903074658
    },
    "distance": {
      "obs": 5.748746803069054,
      "coef_mean": 1.1074572953455781,
      "coef_lb": 1.107457295345578,
      "coef_ub": 1.1108136252942196
    }
  },
  "1770-1799": {
    "status": "completed",
    "updeg_gini": 0.5511146378789398,
    "lowdeg_gini": 0.4256512666322614,
    "clustering": {
      "obs": 0.41754129310547483,
      "coef_mean": 1.3479405899766346,
      "coef_lb": 1.2933041128358416,
      "coef_ub": 1.4025770671174274
    },
    "distance": {
      "obs": 5.470564516129032,
      "coef_mean": 1.1599267620940092,
      "coef_lb": 1.1582522815700285,
      "coef_ub": 1.1616012426179896
    }
  }
}