{
  "1500-1529": {
    "status": "skipped_empty",
    "updeg_gini": null,
    "lowdeg_gini": null,
    "clustering": {
      "obs": null,
      "coef_mean": null,
      "coef_lb": null,
      "coef_ub": null
    },
    "distance": {
      "obs": null,
      "coef_mean": null,
      "coef_lb": null,
      "coef_ub": null
    }
  },
  "1530-1559": {
    "status": "completed",
    "updeg_gini": 0.44799999999999995,
    "lowdeg_gini": 0.23777777777777764,
    "clustering": {
      "obs": 0.6363887873990175,
      "coef_mean": 1.0680513440089572,
      "coef_lb": 0.9823402346525565,
      "coef_ub": 1.1843019236020675
    },
    "distance": {
      "obs": 2.488888888888889,
      "coef_mean": 1.0594649009929697,
      "coef_lb": 0.9395155596367718,
      "coef_ub": 1.2953934640522875
    }
  },
  "1560-1589": {
    "status": "completed",
    "updeg_gini": 0.7636263736263735,
    "lowdeg_gini": 0.23892572944297075,
    "clustering": {
      "obs": 0.6462778500416626,
      "coef_mean": 1.0362179419629272,
      "coef_lb": 1.036217941962927,
      "coef_ub": 1.036217941962927
    },
    "distance": {
      "obs": 3.2934102934102936,
      "coef_mean": 0.907359281996772,
      "coef_lb": 0.9073592819967721,
      "coef_ub": 0.9073592819967721
    }
  },
  "1590-1619": {
    "status": "completed",
    "updeg_gini": 0.7696192696192696,
    "lowdeg_gini": 0.16645315891005552,
    "clustering": {
      "obs": 0.7413750392839455,
      "coef_mean": 0.9848893609047596,
      "coef_lb": 0.9848893609047596,
      "coef_ub": 0.9848893609047596
    },
    "distance": {
      "obs": 3.6969022069244786,
      "coef_mean": 1.1039870909637763,
      "coef_lb": 1.1039870909637761,
      "coef_ub": 1.1039870909637761
    }
  },
  "1620-1649": {
    "status": "completed",
    "updeg_gini": 0.7987070773196403,
    "lowdeg_gini": 0.22654867791153666,
    "clustering": {
      "obs": 0.7006561479902926,
      "coef_mean": 1.0155146354693396,
      "coef_lb": 1.015336731161123,
      "coef_ub": 1.0166479356067752
    },
    "distance": {
      "obs": 3.400782978723404,
      "coef_mean": 0.9156190577548319,
      "coef_lb": 0.9114761722262207,
      "coef_ub": 0.9197435852075686
    }
  },
  "1650-1679": {
    "status": "completed",
    "updeg_gini": 0.8247737111373474,
    "lowdeg_gini": 0.2489335999049902,
    "clustering": {
      "obs": 0.6410389489043895,
      "coef_mean": 1.0362011811349199,
      "coef_lb": 1.0362011811349197,
      "coef_ub": 1.0362011811349197
    },
    "distance": {
      "obs": 4.018836606150426,
      "coef_mean": 0.9908590625016063,
      "coef_lb": 0.9908590625016063,
      "coef_ub": 0.9908590625016063
    }
  },
  "1680-1709": {
    "status": "completed",
    "updeg_gini": 0.7254629252347451,
    "lowdeg_gini": 0.3530681103634463,
    "clustering": {
      "obs": 0.5083533268990038,
      "coef_mean": 1.1251114199759924,
      "coef_lb": 1.094399889019862,
      "coef_ub": 1.152785432751595
    },
    "distance": {
      "obs": 4.071232063334983,
      "coef_mean": 0.9301913657521228,
      "coef_lb": 0.9153436903010942,
      "coef_ub": 0.9431640160983127
    }
  },
  "1710-1739": {
    "status": "completed",
    "updeg_gini": 0.6162389943286335,
    "lowdeg_gini": 0.397669833291171,
    "clustering": {
      "obs": 0.486686579878563,
      "coef_mean": 1.2657881516133198,
      "coef_lb": 1.2650018363729039,
      "coef_ub": 1.26578815161332
    },
    "distance": {
      "obs": 4.576666666666667,
      "coef_mean": 0.9867922308279085,
      "coef_lb": 0.9848582773934204,
      "coef_ub": 0.9867922308279082
    }
  },
  "1740-1769": {
    "status": "completed",
    "updeg_gini": 0.607599648444163,
    "lowdeg_gini": 0.46940400241931735,
    "clustering": {
      "obs": 0.3819896636887844,
      "coef_mean": 1.417184262982476,
      "coef_lb": 1.4129539156452058,
      "coef_ub": 1.4439498588893849
    },
    "distance": {
      "obs": 4.754085027726433,
      "coef_mean": 1.0406078086661008,
      "coef_lb": 1.0239773768942633,
      "coef_ub": 1.0437291055605862
    }
  },
  "1770-1799": {
    "status": "completed",
    "updeg_gini": 0.6645600009135981,
    "lowdeg_gini": 0.4914638216727476,
    "clustering": {
      "obs": 0.3225180689379987,
      "coef_mean": 1.354583541639704,
      "coef_lb": 1.3545835416397036,
      "coef_ub": 1.3555986204158739
    },
    "distance": {
      "obs": 4.690905550146057,
      "coef_mean": 1.0270750161615034,
      "coef_lb": 1.0270750161615032,
      "coef_ub": 1.0275173648972447
    }
  }
}