{
  "1500-1529": {
    "status": "completed",
    "updeg_gini": 0.606012658227848,
    "lowdeg_gini": 0.1971363353392821,
    "clustering": {
      "obs": 0.6289223468744,
      "coef_mean": 0.9014788348447469,
      "coef_lb": 0.8592298240019586,
      "coef_ub": 0.9415291193561641
    },
    "distance": {
      "obs": 2.584795321637427,
      "coef_mean": 0.8460374372785807,
      "coef_lb": 0.7408580692838014,
      "coef_ub": 0.9540461746763683
    }
  },
  "1530-1559": {
    "status": "completed",
    "updeg_gini": 0.6201754385964913,
    "lowdeg_gini": 0.1822190611664296,
    "clustering": {
      "obs": 0.6337492763184137,
      "coef_mean": 0.9683537282451804,
      "coef_lb": 0.9362422876928568,
      "coef_ub": 1.0040825642705804
    },
    "distance": {
      "obs": 3.1601307189542482,
      "coef_mean": 0.9288898256486151,
      "coef_lb": 0.8706522347488019,
      "coef_ub": 0.988685862777958
    }
  },
  "1560-1589": {
    "status": "completed",
    "updeg_gini": 0.7516534391534391,
    "lowdeg_gini": 0.2199003714961163,
    "clustering": {
      "obs": 0.6472441516254388,
      "coef_mean": 0.9750386994556456,
      "coef_lb": 0.9750386994556457,
      "coef_ub": 0.9750386994556457
    },
    "distance": {
      "obs": 3.3950444132772324,
      "coef_mean": 0.9808455576110479,
      "coef_lb": 0.980845557611048,
      "coef_ub": 0.980845557611048
    }
  },
  "1590-1619": {
    "status": "completed",
    "updeg_gini": 0.7523302745651663,
    "lowdeg_gini": 0.25364788317946085,
    "clustering": {
      "obs": 0.6621266601199156,
      "coef_mean": 1.0021704386503245,
      "coef_lb": 1.0011225623930442,
      "coef_ub": 1.006938991220917
    },
    "distance": {
      "obs": 3.66867802108678,
      "coef_mean": 0.9687427258059815,
      "coef_lb": 0.9672724815692315,
      "coef_ub": 0.978232710176589
    }
  },
  "1620-1649": {
    "status": "completed",
    "updeg_gini": 0.8518966810119979,
    "lowdeg_gini": 0.21806220697875722,
    "clustering": {
      "obs": 0.6906350251769042,
      "coef_mean": 0.9541356738442112,
      "coef_lb": 0.944749238216044,
      "coef_ub": 0.9554647005060412
    },
    "distance": {
      "obs": 3.5040445527323354,
      "coef_mean": 0.8924251603482738,
      "coef_lb": 0.887780336218271,
      "coef_ub": 0.9232383195751738
    }
  },
  "1650-1679": {
    "status": "completed",
    "updeg_gini": 0.8411501152725216,
    "lowdeg_gini": 0.29301215064002584,
    "clustering": {
      "obs": 0.6058181365489707,
      "coef_mean": 0.9861631781105096,
      "coef_lb": 0.9861631781105094,
      "coef_ub": 0.9873443847004585
    },
    "distance": {
      "obs": 3.562011064106736,
      "coef_mean": 0.9152061349023002,
      "coef_lb": 0.9143726413704729,
      "coef_ub": 0.9152061349023002
    }
  },
  "1680-1709": {
    "status": "completed",
    "updeg_gini": 0.7740497593059332,
    "lowdeg_gini": 0.3601298487040583,
    "clustering": {
      "obs": 0.5133461503261006,
      "coef_mean": 1.2050122229091205,
      "coef_lb": 1.2017289977401706,
      "coef_ub": 1.208732234885201
    },
    "distance": {
      "obs": 4.271740452855695,
      "coef_mean": 1.0050845292530461,
      "coef_lb": 0.9945595396313506,
      "coef_ub": 1.0154247478413525
    }
  },
  "1710-1739": {
    "status": "completed",
    "updeg_gini": 0.656706704754848,
    "lowdeg_gini": 0.41188021636101024,
    "clustering": {
      "obs": 0.41810270120651116,
      "coef_mean": 1.1277044913117513,
      "coef_lb": 1.1225839635287607,
      "coef_ub": 1.1281436716849411
    },
    "distance": {
      "obs": 4.51682361208714,
      "coef_mean": 1.0132750551375584,
      "coef_lb": 1.0085281021448507,
      "coef_ub": 1.014389713561223
    }
  },
  "1740-1769": {
    "status": "completed",
    "updeg_gini": 0.6590987200449911,
    "lowdeg_gini": 0.399339996315595,
    "clustering": {
      "obs": 0.4485147149689571,
      "coef_mean": 1.170950257643732,
      "coef_lb": 1.1434733713864356,
      "coef_ub": 1.2017374576878805
    },
    "distance": {
      "obs": 4.362809611829944,
      "coef_mean": 0.9472310278586052,
      "coef_lb": 0.9411604923902854,
      "coef_ub": 0.953017411073324
    }
  },
  "1770-1799": {
    "status": "completed",
    "updeg_gini": 0.7033751702307778,
    "lowdeg_gini": 0.2942952116871669,
    "clustering": {
      "obs": 0.5129614147926794,
      "coef_mean": 1.0264580938864185,
      "coef_lb": 1.0264580938864185,
      "coef_ub": 1.0264580938864185
    },
    "distance": {
      "obs": 4.704256292906178,
      "coef_mean": 0.9939237273974036,
      "coef_lb": 0.9939237273974034,
      "coef_ub": 0.9939237273974034
    }
  }
}