{
  "1500-1529": {
    "status": "completed",
    "updeg_gini": 0.7124718410813025,
    "lowdeg_gini": 0.3599840508173955,
    "clustering": {
      "obs": 0.4199358966267796,
      "coef_mean": 1.0252169031802016,
      "coef_lb": 0.9865444950283687,
      "coef_ub": 1.0638893113320345
    },
    "distance": {
      "obs": 3.4226714801444045,
      "coef_mean": 0.9206949135130408,
      "coef_lb": 0.9152584373606623,
      "coef_ub": 0.9261313896654193
    }
  },
  "1530-1559": {
    "status": "completed",
    "updeg_gini": 0.7266139657444004,
    "lowdeg_gini": 0.27949126896495313,
    "clustering": {
      "obs": 0.5491337593483719,
      "coef_mean": 1.0278456009849404,
      "coef_lb": 1.0278456009849406,
      "coef_ub": 1.0278456009849406
    },
    "distance": {
      "obs": 3.553956834532374,
      "coef_mean": 0.8644759867781453,
      "coef_lb": 0.8644759867781452,
      "coef_ub": 0.8644759867781452
    }
  },
  "1560-1589": {
    "status": "completed",
    "updeg_gini": 0.7867136801830525,
    "lowdeg_gini": 0.29093775902578267,
    "clustering": {
      "obs": 0.5952360313825968,
      "coef_mean": 1.0440648318590875,
      "coef_lb": 1.044064831859087,
      "coef_ub": 1.044064831859087
    },
    "distance": {
      "obs": 3.6008874801901745,
      "coef_mean": 0.9522899237209458,
      "coef_lb": 0.9522899237209455,
      "coef_ub": 0.9522899237209455
    }
  },
  "1590-1619": {
    "status": "completed",
    "updeg_gini": 0.7279554178365037,
    "lowdeg_gini": 0.2881989353527612,
    "clustering": {
      "obs": 0.5576619056520475,
      "coef_mean": 1.056517411530523,
      "coef_lb": 1.0545659953449595,
      "coef_ub": 1.0721836701077072
    },
    "distance": {
      "obs": 4.243520114942529,
      "coef_mean": 0.9999046037554711,
      "coef_lb": 0.9873828590763908,
      "coef_ub": 1.0022854322760846
    }
  },
  "1620-1649": {
    "status": "completed",
    "updeg_gini": 0.7431778203272155,
    "lowdeg_gini": 0.3601453896776101,
    "clustering": {
      "obs": 0.5109227374061347,
      "coef_mean": 1.1283901770175269,
      "coef_lb": 1.1042680370058522,
      "coef_ub": 1.160723882102023
    },
    "distance": {
      "obs": 3.899587083112758,
      "coef_mean": 0.9564958695914049,
      "coef_lb": 0.9462941233911895,
      "coef_ub": 0.9629116254401373
    }
  },
  "1650-1679": {
    "status": "completed",
    "updeg_gini": 0.7648171825889583,
    "lowdeg_gini": 0.32889222742753343,
    "clustering": {
      "obs": 0.5265913532148754,
      "coef_mean": 1.032698863502857,
      "coef_lb": 1.0308609116783756,
      "coef_ub": 1.0326988635028571
    },
    "distance": {
      "obs": 4.050344592289321,
      "coef_mean": 0.9596270300188074,
      "coef_lb": 0.9586822661979377,
      "coef_ub": 0.9596270300188077
    }
  },
  "1680-1709": {
    "status": "completed",
    "updeg_gini": 0.7734101028061782,
    "lowdeg_gini": 0.32485509599681395,
    "clustering": {
      "obs": 0.5825747707092066,
      "coef_mean": 1.0176535504153503,
      "coef_lb": 1.0166709538542835,
      "coef_ub": 1.0176535504153503
    },
    "distance": {
      "obs": 4.37909830007391,
      "coef_mean": 1.0478978022194716,
      "coef_lb": 1.047897802219472,
      "coef_ub": 1.0493634124420455
    }
  },
  "1710-1739": {
    "status": "completed",
    "updeg_gini": 0.6880976664571499,
    "lowdeg_gini": 0.35262732966848387,
    "clustering": {
      "obs": 0.5351908060258662,
      "coef_mean": 1.1365154626177933,
      "coef_lb": 1.0915225549774432,
      "coef_ub": 1.1422388846679479
    },
    "distance": {
      "obs": 4.488535655960805,
      "coef_mean": 1.0455689132948238,
      "coef_lb": 1.045197836525075,
      "coef_ub": 1.046451340379452
    }
  },
  "1740-1769": {
    "status": "completed",
    "updeg_gini": 0.5941235586586269,
    "lowdeg_gini": 0.36095359361967794,
    "clustering": {
      "obs": 0.4878406757312699,
      "coef_mean": 1.1306817027371732,
      "coef_lb": 1.0996220295204724,
      "coef_ub": 1.1671728857140984
    },
    "distance": {
      "obs": 4.942410423452769,
      "coef_mean": 1.0613361286008618,
      "coef_lb": 1.0400277984135136,
      "coef_ub": 1.0817366682708849
    }
  },
  "1770-1799": {
    "status": "completed",
    "updeg_gini": 0.5142238713667284,
    "lowdeg_gini": 0.3876849388897581,
    "clustering": {
      "obs": 0.4197819287132626,
      "coef_mean": 1.195943730604566,
      "coef_lb": 1.1959437306045662,
      "coef_ub": 1.1959437306045662
    },
    "distance": {
      "obs": 5.033832599118942,
      "coef_mean": 1.0301004360468902,
      "coef_lb": 1.0301004360468902,
      "coef_ub": 1.0301004360468902
    }
  }
}