{
  "1500-1529": {
    "status": "completed",
    "updeg_gini": 0.29166666666666674,
    "lowdeg_gini": 0.12307692307692308,
    "clustering": {
      "obs": 0.5317460317460317,
      "coef_mean": 1.3190709360041577,
      "coef_lb": 1.0,
      "coef_ub": 1.6067146282973621
    },
    "distance": {
      "obs": 2.0,
      "coef_mean": 1.0892302863420409,
      "coef_lb": 0.9333333333333333,
      "coef_ub": 2.0
    }
  },
  "1530-1559": {
    "status": "completed",
    "updeg_gini": 0.8170056719845091,
    "lowdeg_gini": 0.29760448180210664,
    "clustering": {
      "obs": 0.566817271038563,
      "coef_mean": 1.0178707847096238,
      "coef_lb": 1.0130560998741203,
      "coef_ub": 1.025079369694418
    },
    "distance": {
      "obs": 3.6465441176470588,
      "coef_mean": 0.9486148800932653,
      "coef_lb": 0.9337152355455293,
      "coef_ub": 0.96312690644385
    }
  },
  "1560-1589": {
    "status": "completed",
    "updeg_gini": 0.8309772681553007,
    "lowdeg_gini": 0.39585289183741823,
    "clustering": {
      "obs": 0.40728491544442486,
      "coef_mean": 1.2113272530861758,
      "coef_lb": 1.211327253086176,
      "coef_ub": 1.211327253086176
    },
    "distance": {
      "obs": 3.922946226841392,
      "coef_mean": 1.0147205536303554,
      "coef_lb": 1.0147205536303556,
      "coef_ub": 1.0147205536303556
    }
  },
  "1590-1619": {
    "status": "completed",
    "updeg_gini": 0.7906685717822708,
    "lowdeg_gini": 0.3706557959711976,
    "clustering": {
      "obs": 0.35326956463055653,
      "coef_mean": 1.3082270968812708,
      "coef_lb": 1.3082270968812706,
      "coef_ub": 1.3082270968812706
    },
    "distance": {
      "obs": 4.38048656163114,
      "coef_mean": 1.0701918861657753,
      "coef_lb": 1.070191886165775,
      "coef_ub": 1.070191886165775
    }
  },
  "1620-1649": {
    "status": "completed",
    "updeg_gini": 0.7433035084462596,
    "lowdeg_gini": 0.33694794786823157,
    "clustering": {
      "obs": 0.4610459989663421,
      "coef_mean": 1.3179945373452402,
      "coef_lb": 1.3179945373452404,
      "coef_ub": 1.3179945373452404
    },
    "distance": {
      "obs": 4.623288201160541,
      "coef_mean": 1.0394221559772872,
      "coef_lb": 1.039422155977287,
      "coef_ub": 1.039422155977287
    }
  },
  "1650-1679": {
    "status": "completed",
    "updeg_gini": 0.7283611905859948,
    "lowdeg_gini": 0.3338887015787675,
    "clustering": {
      "obs": 0.4530741398140454,
      "coef_mean": 1.2503606767725608,
      "coef_lb": 1.2401968602061781,
      "coef_ub": 1.2517548885787657
    },
    "distance": {
      "obs": 4.869645639607942,
      "coef_mean": 1.0544804575282807,
      "coef_lb": 1.0484345259876764,
      "coef_ub": 1.0910379122229723
    }
  },
  "1680-1709": {
    "status": "completed",
    "updeg_gini": 0.7104736152445648,
    "lowdeg_gini": 0.3359055273708169,
    "clustering": {
      "obs": 0.4736590758128743,
      "coef_mean": 1.2038782382116024,
      "coef_lb": 1.2028736330700658,
      "coef_ub": 1.2038782382116024
    },
    "distance": {
      "obs": 5.183954736689395,
      "coef_mean": 1.0770252033562984,
      "coef_lb": 1.0770252033562981,
      "coef_ub": 1.0771199883719649
    }
  },
  "1710-1739": {
    "status": "completed",
    "updeg_gini": 0.5166374450099975,
    "lowdeg_gini": 0.3960140281355691,
    "clustering": {
      "obs": 0.41785158570970327,
      "coef_mean": 1.4266659652643088,
      "coef_lb": 1.415756701089874,
      "coef_ub": 1.4266659652643094
    },
    "distance": {
      "obs": 6.511901840490798,
      "coef_mean": 1.1849496179701648,
      "coef_lb": 1.1844965606813813,
      "coef_ub": 1.184949617970165
    }
  },
  "1740-1769": {
    "status": "completed",
    "updeg_gini": 0.5409941663504725,
    "lowdeg_gini": 0.3697416456908129,
    "clustering": {
      "obs": 0.42914503160615297,
      "coef_mean": 1.330911273125415,
      "coef_lb": 1.3309112731254151,
      "coef_ub": 1.3320474197767966
    },
    "distance": {
      "obs": 5.808711590296496,
      "coef_mean": 1.1399612754320256,
      "coef_lb": 1.1399612754320254,
      "coef_ub": 1.1429577977743857
    }
  },
  "1770-1799": {
    "status": "completed",
    "updeg_gini": 0.602596300055465,
    "lowdeg_gini": 0.3505540679998884,
    "clustering": {
      "obs": 0.47341765684464243,
      "coef_mean": 1.2541222342341625,
      "coef_lb": 1.1971978414611109,
      "coef_ub": 1.314131697648212
    },
    "distance": {
      "obs": 5.721828839390387,
      "coef_mean": 1.069731153075689,
      "coef_lb": 1.0653136121462605,
      "coef_ub": 1.0709687768233616
    }
  }
}