{
  "1500-1529": {
    "status": "completed",
    "updeg_gini": 0.125,
    "lowdeg_gini": 0.16666666666666652,
    "clustering": {
      "obs": 0.5770833333333333,
      "coef_mean": 0.9292337164750959,
      "coef_lb": 0.7694444444444444,
      "coef_ub": 1.0
    },
    "distance": {
      "obs": 1.6666666666666667,
      "coef_mean": 1.0833333333333335,
      "coef_lb": 0.9090909090909092,
      "coef_ub": 1.6666666666666667
    }
  },
  "1530-1559": {
    "status": "completed",
    "updeg_gini": 0.3571428571428572,
    "lowdeg_gini": 0.11904761904761907,
    "clustering": {
      "obs": 0.6666666666666666,
      "coef_mean": 1.0433333333333332,
      "coef_lb": 1.0,
      "coef_ub": 1.0666666666666667
    },
    "distance": {
      "obs": 1.8333333333333333,
      "coef_mean": 1.5416666666666665,
      "coef_lb": 1.0,
      "coef_ub": 1.8333333333333333
    }
  },
  "1560-1589": {
    "status": "completed",
    "updeg_gini": 0.5047169811320755,
    "lowdeg_gini": 0.036256011838697866,
    "clustering": {
      "obs": 0.8848093841642228,
      "coef_mean": 1.0025181225038915,
      "coef_lb": 0.9732276105753243,
      "coef_ub": 1.0331736453988314
    },
    "distance": {
      "obs": 1.967741935483871,
      "coef_mean": 1.16824771746198,
      "coef_lb": 0.7686491935483871,
      "coef_ub": 1.967741935483871
    }
  },
  "1590-1619": {
    "status": "completed",
    "updeg_gini": 0.7475517693814295,
    "lowdeg_gini": 0.2644483909776001,
    "clustering": {
      "obs": 0.5990687485317907,
      "coef_mean": 1.1385845097085674,
      "coef_lb": 1.1385845097085672,
      "coef_ub": 1.1386309673731847
    },
    "distance": {
      "obs": 4.158462524023062,
      "coef_mean": 1.0302334319823845,
      "coef_lb": 1.029978214274133,
      "coef_ub": 1.0302334319823843
    }
  },
  "1620-1649": {
    "status": "completed",
    "updeg_gini": 0.8143496890528759,
    "lowdeg_gini": 0.2552474160693454,
    "clustering": {
      "obs": 0.6503387471619626,
      "coef_mean": 0.9792858478045146,
      "coef_lb": 0.9792858478045144,
      "coef_ub": 0.9792858478045144
    },
    "distance": {
      "obs": 3.8088004750593822,
      "coef_mean": 0.9754079008313716,
      "coef_lb": 0.9754079008313719,
      "coef_ub": 0.9754079008313719
    }
  },
  "1650-1679": {
    "status": "completed",
    "updeg_gini": 0.7591455456409295,
    "lowdeg_gini": 0.2971464357473068,
    "clustering": {
      "obs": 0.6469326734721231,
      "coef_mean": 1.0076726280209674,
      "coef_lb": 0.9947653659201847,
      "coef_ub": 1.0236901866980392
    },
    "distance": {
      "obs": 3.7892242028621643,
      "coef_mean": 0.9836732464717391,
      "coef_lb": 0.9696012783004759,
      "coef_ub": 0.9967209484410702
    }
  },
  "1680-1709": {
    "status": "completed",
    "updeg_gini": 0.7329230268986318,
    "lowdeg_gini": 0.41823829212635455,
    "clustering": {
      "obs": 0.45392147716456804,
      "coef_mean": 1.1518518494331698,
      "coef_lb": 1.1487553986037267,
      "coef_ub": 1.1518518494331702
    },
    "distance": {
      "obs": 3.9140397350993377,
      "coef_mean": 0.9392325488878989,
      "coef_lb": 0.9391082193541077,
      "coef_ub": 0.9392325488878989
    }
  },
  "1710-1739": {
    "status": "completed",
    "updeg_gini": 0.6669356256672587,
    "lowdeg_gini": 0.48985531161665263,
    "clustering": {
      "obs": 0.42633281869219064,
      "coef_mean": 1.1638318063251658,
      "coef_lb": 1.163831806325166,
      "coef_ub": 1.1652353289209119
    },
    "distance": {
      "obs": 4.400719840035547,
      "coef_mean": 1.0032181157568243,
      "coef_lb": 1.0022345205660153,
      "coef_ub": 1.003218115756824
    }
  },
  "1740-1769": {
    "status": "completed",
    "updeg_gini": 0.6802358076792419,
    "lowdeg_gini": 0.44300421464607864,
    "clustering": {
      "obs": 0.4013489853093346,
      "coef_mean": 1.1043049820269615,
      "coef_lb": 1.0527315678541207,
      "coef_ub": 1.1455949678230781
    },
    "distance": {
      "obs": 4.58171893703615,
      "coef_mean": 1.055480582567165,
      "coef_lb": 1.0485257829815604,
      "coef_ub": 1.061611271619248
    }
  },
  "1770-1799": {
    "status": "completed",
    "updeg_gini": 0.6140429167038544,
    "lowdeg_gini": 0.43627287291071903,
    "clustering": {
      "obs": 0.35351595391640894,
      "coef_mean": 1.0753533656165828,
      "coef_lb": 1.0753533656165828,
      "coef_ub": 1.0769675789192947
    },
    "distance": {
      "obs": 4.857312840852751,
      "coef_mean": 1.0180248006397057,
      "coef_lb": 1.017842613010838,
      "coef_ub": 1.0180248006397057
    }
  }
}