{
  "1500-1529": {
    "status": "completed",
    "updeg_gini": 0.22222222222222232,
    "lowdeg_gini": 0.1333333333333333,
    "clustering": {
      "obs": 0.625,
      "coef_mean": 1.3827380952380954,
      "coef_lb": 1.0,
      "coef_ub": 1.6666666666666667
    },
    "distance": {
      "obs": 1.5,
      "coef_mean": 1.195,
      "coef_lb": 0.8571428571428571,
      "coef_ub": 1.5
    }
  },
  "1530-1559": {
    "status": "completed",
    "updeg_gini": 0.4772727272727273,
    "lowdeg_gini": 0.18859649122806998,
    "clustering": {
      "obs": 0.6402402429165308,
      "coef_mean": 1.0846132765498466,
      "coef_lb": 1.0165108245436596,
      "coef_ub": 1.1954960052804329
    },
    "distance": {
      "obs": 3.0,
      "coef_mean": 0.9257519479407905,
      "coef_lb": 0.7756953450276431,
      "coef_ub": 1.1093370681605976
    }
  },
  "1560-1589": {
    "status": "completed",
    "updeg_gini": 0.5941770647653,
    "lowdeg_gini": 0.202776059918917,
    "clustering": {
      "obs": 0.654176136871655,
      "coef_mean": 1.0123152427521338,
      "coef_lb": 1.0123152427521338,
      "coef_ub": 1.0123152427521338
    },
    "distance": {
      "obs": 3.9557177615571777,
      "coef_mean": 0.960191319899349,
      "coef_lb": 0.9601913198993491,
      "coef_ub": 0.9601913198993491
    }
  },
  "1590-1619": {
    "status": "completed",
    "updeg_gini": 0.7533934964200477,
    "lowdeg_gini": 0.2738528179581461,
    "clustering": {
      "obs": 0.6388862251928349,
      "coef_mean": 1.1415326128237553,
      "coef_lb": 1.141532612823755,
      "coef_ub": 1.141532612823755
    },
    "distance": {
      "obs": 4.39209756097561,
      "coef_mean": 1.048270099843254,
      "coef_lb": 1.048270099843254,
      "coef_ub": 1.048270099843254
    }
  },
  "1620-1649": {
    "status": "completed",
    "updeg_gini": 0.7709805893196897,
    "lowdeg_gini": 0.2592479382265065,
    "clustering": {
      "obs": 0.5991506775648017,
      "coef_mean": 1.0670146010452641,
      "coef_lb": 1.067014601045264,
      "coef_ub": 1.067014601045264
    },
    "distance": {
      "obs": 4.663256516811485,
      "coef_mean": 1.0343419853136246,
      "coef_lb": 1.0343419853136249,
      "coef_ub": 1.0343419853136249
    }
  },
  "1650-1679": {
    "status": "completed",
    "updeg_gini": 0.799400237794758,
    "lowdeg_gini": 0.2790046456149162,
    "clustering": {
      "obs": 0.5196545606795321,
      "coef_mean": 1.15100622741013,
      "coef_lb": 1.1416706334332085,
      "coef_ub": 1.1603418213870518
    },
    "distance": {
      "obs": 4.4045176752546435,
      "coef_mean": 1.0279354202438558,
      "coef_lb": 0.9979774733334297,
      "coef_ub": 1.0578933671542825
    }
  },
  "1680-1709": {
    "status": "completed",
    "updeg_gini": 0.716716873446446,
    "lowdeg_gini": 0.3589966439363046,
    "clustering": {
      "obs": 0.419500538032488,
      "coef_mean": 1.1487977639100477,
      "coef_lb": 1.148797763910048,
      "coef_ub": 1.148797763910048
    },
    "distance": {
      "obs": 4.59638036809816,
      "coef_mean": 0.9986873071419865,
      "coef_lb": 0.9986873071419868,
      "coef_ub": 0.9986873071419868
    }
  },
  "1710-1739": {
    "status": "completed",
    "updeg_gini": 0.5894092209595465,
    "lowdeg_gini": 0.48011179886927646,
    "clustering": {
      "obs": 0.332389521209287,
      "coef_mean": 1.2608612873975513,
      "coef_lb": 1.2607242898908153,
      "coef_ub": 1.260861287397551
    },
    "distance": {
      "obs": 5.000556368960469,
      "coef_mean": 1.0821329037530725,
      "coef_lb": 1.0821329037530725,
      "coef_ub": 1.0843262166729324
    }
  },
  "1740-1769": {
    "status": "completed",
    "updeg_gini": 0.5477427409286779,
    "lowdeg_gini": 0.45226551930054004,
    "clustering": {
      "obs": 0.37914842816982014,
      "coef_mean": 1.302610369266458,
      "coef_lb": 1.3026103692664581,
      "coef_ub": 1.3026103692664581
    },
    "distance": {
      "obs": 5.073502183406114,
      "coef_mean": 1.0709717034371722,
      "coef_lb": 1.0709717034371717,
      "coef_ub": 1.0709717034371717
    }
  },
  "1770-1799": {
    "status": "completed",
    "updeg_gini": 0.5578596381081169,
    "lowdeg_gini": 0.47852838557403965,
    "clustering": {
      "obs": 0.3204846233687915,
      "coef_mean": 1.6784787430471142,
      "coef_lb": 1.6784787430471138,
      "coef_ub": 1.6784787430471138
    },
    "distance": {
      "obs": 5.349623312011372,
      "coef_mean": 1.146401933682418,
      "coef_lb": 1.1464019336824176,
      "coef_ub": 1.1464019336824176
    }
  }
}