{
  "1500-1529": {
    "status": "completed",
    "updeg_gini": 0.30000000000000004,
    "lowdeg_gini": 0.1499999999999999,
    "clustering": {
      "obs": 0.5833333333333334,
      "coef_mean": 1.0916666666666668,
      "coef_lb": 1.0,
      "coef_ub": 1.1666666666666667
    },
    "distance": {
      "obs": 1.75,
      "coef_mean": 1.4125,
      "coef_lb": 1.0,
      "coef_ub": 1.75
    }
  },
  "1530-1559": {
    "status": "completed",
    "updeg_gini": 0.7073170731707317,
    "lowdeg_gini": 0.2550690567146634,
    "clustering": {
      "obs": 0.5774254966062269,
      "coef_mean": 0.9252905024678302,
      "coef_lb": 0.9252905024678302,
      "coef_ub": 0.9252905024678302
    },
    "distance": {
      "obs": 2.8434343434343434,
      "coef_mean": 0.885933601995778,
      "coef_lb": 0.8859336019957782,
      "coef_ub": 0.8859336019957782
    }
  },
  "1560-1589": {
    "status": "completed",
    "updeg_gini": 0.8149889701613839,
    "lowdeg_gini": 0.31724985173261033,
    "clustering": {
      "obs": 0.5559887215898023,
      "coef_mean": 1.0248727170861855,
      "coef_lb": 1.0248727170861853,
      "coef_ub": 1.0264298885538878
    },
    "distance": {
      "obs": 3.1915245478036174,
      "coef_mean": 0.8921528676822984,
      "coef_lb": 0.8921528676822982,
      "coef_ub": 0.8934074256878078
    }
  },
  "1590-1619": {
    "status": "completed",
    "updeg_gini": 0.8701774047817625,
    "lowdeg_gini": 0.28872836388803735,
    "clustering": {
      "obs": 0.6028109489778752,
      "coef_mean": 1.0062573483572037,
      "coef_lb": 1.002476624002254,
      "coef_ub": 1.0108543869113624
    },
    "distance": {
      "obs": 3.7009274263058094,
      "coef_mean": 0.9932649405142427,
      "coef_lb": 0.9885623045447997,
      "coef_ub": 1.0003395137168798
    }
  },
  "1620-1649": {
    "status": "completed",
    "updeg_gini": 0.844476162681113,
    "lowdeg_gini": 0.36058211109845884,
    "clustering": {
      "obs": 0.5148729186167368,
      "coef_mean": 1.0087281724532666,
      "coef_lb": 1.0087104162688292,
      "coef_ub": 1.0087281724532664
    },
    "distance": {
      "obs": 3.7200307603575893,
      "coef_mean": 0.9600355066557558,
      "coef_lb": 0.9600355066557555,
      "coef_ub": 0.9604288312038619
    }
  },
  "1650-1679": {
    "status": "completed",
    "updeg_gini": 0.8516215272983878,
    "lowdeg_gini": 0.36680540369851666,
    "clustering": {
      "obs": 0.49216632536902855,
      "coef_mean": 1.0043615566460933,
      "coef_lb": 1.0043615566460935,
      "coef_ub": 1.0043615566460935
    },
    "distance": {
      "obs": 3.864461206896552,
      "coef_mean": 0.9648598146389004,
      "coef_lb": 0.9648598146389006,
      "coef_ub": 0.9648598146389006
    }
  },
  "1680-1709": {
    "status": "completed",
    "updeg_gini": 0.820530983554663,
    "lowdeg_gini": 0.37663847429026287,
    "clustering": {
      "obs": 0.5051609898198626,
      "coef_mean": 1.0632072014920357,
      "coef_lb": 1.0632072014920357,
      "coef_ub": 1.0632197616989247
    },
    "distance": {
      "obs": 4.011625766871165,
      "coef_mean": 0.9645944330276228,
      "coef_lb": 0.9645944330276226,
      "coef_ub": 0.9669509389124571
    }
  },
  "1710-1739": {
    "status": "completed",
    "updeg_gini": 0.6983823967535112,
    "lowdeg_gini": 0.4440476434607692,
    "clustering": {
      "obs": 0.41512923807392244,
      "coef_mean": 1.0710426518972285,
      "coef_lb": 1.0511831542047503,
      "coef_ub": 1.073827142024239
    },
    "distance": {
      "obs": 4.137289915966386,
      "coef_mean": 0.9025767206828276,
      "coef_lb": 0.8981286429812982,
      "coef_ub": 0.9390810529359034
    }
  },
  "1740-1769": {
    "status": "completed",
    "updeg_gini": 0.7009652634458063,
    "lowdeg_gini": 0.4295345488706801,
    "clustering": {
      "obs": 0.3869463785461123,
      "coef_mean": 1.0665180046694558,
      "coef_lb": 1.0068606595663827,
      "coef_ub": 1.075116228184365
    },
    "distance": {
      "obs": 4.360165236733397,
      "coef_mean": 1.0416641185776971,
      "coef_lb": 1.0263476763696338,
      "coef_ub": 1.0453496189285982
    }
  },
  "1770-1799": {
    "status": "completed",
    "updeg_gini": 0.5932391530809158,
    "lowdeg_gini": 0.4381514009009908,
    "clustering": {
      "obs": 0.3779641261306667,
      "coef_mean": 1.0781946444402764,
      "coef_lb": 1.0644213659289008,
      "coef_ub": 1.1599500802294498
    },
    "distance": {
      "obs": 4.791625239005736,
      "coef_mean": 1.0667076927239385,
      "coef_lb": 1.0096277998249916,
      "coef_ub": 1.075165130193812
    }
  }
}