{
  "1500-1529": {
    "status": "completed",
    "updeg_gini": 0.7617187748481282,
    "lowdeg_gini": 0.390028018034817,
    "clustering": {
      "obs": 0.33286861357234626,
      "coef_mean": 1.065738633874382,
      "coef_lb": 1.065738633874382,
      "coef_ub": 1.065738633874382
    },
    "distance": {
      "obs": 4.05018302828619,
      "coef_mean": 1.01593781390475,
      "coef_lb": 1.0159378139047501,
      "coef_ub": 1.0159378139047501
    }
  },
  "1530-1559": {
    "status": "completed",
    "updeg_gini": 0.7479395648931686,
    "lowdeg_gini": 0.4052783130662059,
    "clustering": {
      "obs": 0.35423964931040447,
      "coef_mean": 1.085338631686828,
      "coef_lb": 1.0853386316868283,
      "coef_ub": 1.0853386316868283
    },
    "distance": {
      "obs": 3.962042042042042,
      "coef_mean": 1.0080555250089125,
      "coef_lb": 1.0080555250089123,
      "coef_ub": 1.0080555250089123
    }
  },
  "1560-1589": {
    "status": "completed",
    "updeg_gini": 0.8079233792152749,
    "lowdeg_gini": 0.31213862984365326,
    "clustering": {
      "obs": 0.4891071292803219,
      "coef_mean": 1.0786506890296863,
      "coef_lb": 1.0570375752477532,
      "coef_ub": 1.081350905385877
    },
    "distance": {
      "obs": 4.343881305637982,
      "coef_mean": 1.0337621280902376,
      "coef_lb": 1.0318037063315761,
      "coef_ub": 1.0513394290948148
    }
  },
  "1590-1619": {
    "status": "completed",
    "updeg_gini": 0.7798882396654476,
    "lowdeg_gini": 0.3306641544983515,
    "clustering": {
      "obs": 0.5186770180683326,
      "coef_mean": 1.1636804617417327,
      "coef_lb": 1.1532936688181672,
      "coef_ub": 1.1763703175003075
    },
    "distance": {
      "obs": 4.560332531174797,
      "coef_mean": 1.0615797634092472,
      "coef_lb": 1.034289979220969,
      "coef_ub": 1.091541875417619
    }
  },
  "1620-1649": {
    "status": "completed",
    "updeg_gini": 0.7471290460774744,
    "lowdeg_gini": 0.31440416571933283,
    "clustering": {
      "obs": 0.5702156778099282,
      "coef_mean": 1.1256786056311872,
      "coef_lb": 1.1218117863727153,
      "coef_ub": 1.1459405810819419
    },
    "distance": {
      "obs": 4.450476882110869,
      "coef_mean": 1.0587054030316736,
      "coef_lb": 1.0369462570635881,
      "coef_ub": 1.0636392878879393
    }
  },
  "1650-1679": {
    "status": "completed",
    "updeg_gini": 0.7972597669563735,
    "lowdeg_gini": 0.24212121349627247,
    "clustering": {
      "obs": 0.6026971836041286,
      "coef_mean": 1.030376409521463,
      "coef_lb": 1.0271970459440671,
      "coef_ub": 1.0347679678455184
    },
    "distance": {
      "obs": 5.131098072087175,
      "coef_mean": 1.1571890099247377,
      "coef_lb": 1.1224983030729816,
      "coef_ub": 1.1902477875931543
    }
  },
  "1680-1709": {
    "status": "completed",
    "updeg_gini": 0.7759723815168613,
    "lowdeg_gini": 0.26384464548544684,
    "clustering": {
      "obs": 0.6282034769584994,
      "coef_mean": 1.1550695966664837,
      "coef_lb": 1.1549001112196458,
      "coef_ub": 1.1550695966664835
    },
    "distance": {
      "obs": 5.148312200619893,
      "coef_mean": 1.026268198613534,
      "coef_lb": 1.0222967118967214,
      "coef_ub": 1.026268198613534
    }
  },
  "1710-1739": {
    "status": "completed",
    "updeg_gini": 0.4754774637127579,
    "lowdeg_gini": 0.3008254641701409,
    "clustering": {
      "obs": 0.4677548618937643,
      "coef_mean": 1.16050720193245,
      "coef_lb": 1.16050720193245,
      "coef_ub": 1.16050720193245
    },
    "distance": {
      "obs": 7.458251748251748,
      "coef_mean": 1.2120263021540751,
      "coef_lb": 1.212026302154075,
      "coef_ub": 1.212026302154075
    }
  },
  "1740-1769": {
    "status": "completed",
    "updeg_gini": 0.45984728129964636,
    "lowdeg_gini": 0.2530422709400413,
    "clustering": {
      "obs": 0.4951497302386346,
      "coef_mean": 1.2007310281902488,
      "coef_lb": 1.1290489943792779,
      "coef_ub": 1.2819507001848742
    },
    "distance": {
      "obs": 7.256326530612245,
      "coef_mean": 1.21228152864233,
      "coef_lb": 1.2055652311982417,
      "coef_ub": 1.2192887464264057
    }
  },
  "1770-1799": {
    "status": "completed",
    "updeg_gini": 0.45620387132711326,
    "lowdeg_gini": 0.2921037618712037,
    "clustering": {
      "obs": 0.5015841478013813,
      "coef_mean": 1.3676527171038946,
      "coef_lb": 1.2590339312540004,
      "coef_ub": 1.4917190936683058
    },
    "distance": {
      "obs": 8.515714285714285,
      "coef_mean": 1.4615918191852781,
      "coef_lb": 1.4375064686668129,
      "coef_ub": 1.4866567477222001
    }
  }
}