{
  "1500-1529": {
    "status": "completed",
    "updeg_gini": 0.8202328026711432,
    "lowdeg_gini": 0.402861716773925,
    "clustering": {
      "obs": 0.3907241927329882,
      "coef_mean": 1.0102129927111512,
      "coef_lb": 1.0032494934831644,
      "coef_ub": 1.0120793946212445
    },
    "distance": {
      "obs": 3.521860465116279,
      "coef_mean": 0.9227665780962628,
      "coef_lb": 0.914842326752279,
      "coef_ub": 0.9306681411872967
    }
  },
  "1530-1559": {
    "status": "completed",
    "updeg_gini": 0.7855347470527843,
    "lowdeg_gini": 0.3577805107429648,
    "clustering": {
      "obs": 0.4960708438195065,
      "coef_mean": 1.0551028458329714,
      "coef_lb": 1.05099849461684,
      "coef_ub": 1.080233571868403
    },
    "distance": {
      "obs": 3.4102052785923753,
      "coef_mean": 0.8708905514152674,
      "coef_lb": 0.8678100953426381,
      "coef_ub": 0.8866895474388148
    }
  },
  "1560-1589": {
    "status": "completed",
    "updeg_gini": 0.8374836393181739,
    "lowdeg_gini": 0.3927207569965643,
    "clustering": {
      "obs": 0.4311775217566404,
      "coef_mean": 1.0116418477703637,
      "coef_lb": 1.0095615924182484,
      "coef_ub": 1.011641847770364
    },
    "distance": {
      "obs": 3.54854340362923,
      "coef_mean": 0.9321513752755773,
      "coef_lb": 0.9316302550117588,
      "coef_ub": 0.9321513752755776
    }
  },
  "1590-1619": {
    "status": "completed",
    "updeg_gini": 0.8448251907989768,
    "lowdeg_gini": 0.4053569624813551,
    "clustering": {
      "obs": 0.39302558737897586,
      "coef_mean": 1.1978666422126718,
      "coef_lb": 1.1934952140135102,
      "coef_ub": 1.2022380704118334
    },
    "distance": {
      "obs": 3.9318257198854214,
      "coef_mean": 0.9978631976676902,
      "coef_lb": 0.9791547803880253,
      "coef_ub": 1.0165716149473547
    }
  },
  "1620-1649": {
    "status": "completed",
    "updeg_gini": 0.8486311439922591,
    "lowdeg_gini": 0.4005931011410637,
    "clustering": {
      "obs": 0.4247554357792294,
      "coef_mean": 1.0865309071438647,
      "coef_lb": 1.086530907143865,
      "coef_ub": 1.086530907143865
    },
    "distance": {
      "obs": 3.736121102701201,
      "coef_mean": 0.9359631018088219,
      "coef_lb": 0.9359631018088219,
      "coef_ub": 0.9359631018088219
    }
  },
  "1650-1679": {
    "status": "completed",
    "updeg_gini": 0.8400313197103855,
    "lowdeg_gini": 0.41418296402818355,
    "clustering": {
      "obs": 0.44375339763859906,
      "coef_mean": 1.1013583244945582,
      "coef_lb": 1.101358324494558,
      "coef_ub": 1.101358324494558
    },
    "distance": {
      "obs": 4.166053775559491,
      "coef_mean": 1.0569659467399792,
      "coef_lb": 1.0569659467399792,
      "coef_ub": 1.0569659467399792
    }
  },
  "1680-1709": {
    "status": "completed",
    "updeg_gini": 0.7845272196965436,
    "lowdeg_gini": 0.4320509000219743,
    "clustering": {
      "obs": 0.4192798044126656,
      "coef_mean": 1.2289245475194273,
      "coef_lb": 1.2289245475194275,
      "coef_ub": 1.2289245475194275
    },
    "distance": {
      "obs": 4.723247027741083,
      "coef_mean": 1.0636100564346536,
      "coef_lb": 1.0636100564346533,
      "coef_ub": 1.0636100564346533
    }
  },
  "1710-1739": {
    "status": "completed",
    "updeg_gini": 0.6342241237759938,
    "lowdeg_gini": 0.4769283550900003,
    "clustering": {
      "obs": 0.3229448686628349,
      "coef_mean": 1.2415459207027701,
      "coef_lb": 1.2136826519560817,
      "coef_ub": 1.2694091894494592
    },
    "distance": {
      "obs": 5.467606897518576,
      "coef_mean": 1.096400443915743,
      "coef_lb": 1.092735883778571,
      "coef_ub": 1.1000650040529159
    }
  },
  "1740-1769": {
    "status": "completed",
    "updeg_gini": 0.6117904859280945,
    "lowdeg_gini": 0.4480982791085619,
    "clustering": {
      "obs": 0.31922898200649524,
      "coef_mean": 1.1207971222099502,
      "coef_lb": 1.1207971222099502,
      "coef_ub": 1.1207971222099502
    },
    "distance": {
      "obs": 5.166405493990948,
      "coef_mean": 1.0593232657471683,
      "coef_lb": 1.0593232657471685,
      "coef_ub": 1.0593232657471685
    }
  },
  "1770-1799": {
    "status": "completed",
    "updeg_gini": 0.6978574821935402,
    "lowdeg_gini": 0.4464821532264138,
    "clustering": {
      "obs": 0.3954105733378416,
      "coef_mean": 1.4509599000981273,
      "coef_lb": 1.450959900098127,
      "coef_ub": 1.4526004532418875
    },
    "distance": {
      "obs": 5.422479877347643,
      "coef_mean": 1.1327692431923269,
      "coef_lb": 1.1327692431923266,
      "coef_ub": 1.135752001988677
    }
  }
}