{
  "1500-1529": {
    "status": "completed",
    "updeg_gini": 0.6046511627906976,
    "lowdeg_gini": 0.18754688672168052,
    "clustering": {
      "obs": 0.5682528787338225,
      "coef_mean": 0.9429242135743309,
      "coef_lb": 0.8792408833257203,
      "coef_ub": 0.9967425194199439
    },
    "distance": {
      "obs": 2.6666666666666665,
      "coef_mean": 0.8957709044644488,
      "coef_lb": 0.7847028161109926,
      "coef_ub": 0.9812398571892244
    }
  },
  "1530-1559": {
    "status": "completed",
    "updeg_gini": 0.3999999999999999,
    "lowdeg_gini": 0.0888888888888888,
    "clustering": {
      "obs": 0.7474747474747474,
      "coef_mean": 1.023611111111111,
      "coef_lb": 1.0,
      "coef_ub": 1.0277777777777777
    },
    "distance": {
      "obs": 1.8888888888888888,
      "coef_mean": 1.7555555555555553,
      "coef_lb": 1.0,
      "coef_ub": 1.8888888888888888
    }
  },
  "1560-1589": {
    "status": "completed",
    "updeg_gini": 0.7718749999999999,
    "lowdeg_gini": 0.1110491071428572,
    "clustering": {
      "obs": 0.7830678571809166,
      "coef_mean": 0.9398804893900607,
      "coef_lb": 0.9398804893900609,
      "coef_ub": 0.9398804893900609
    },
    "distance": {
      "obs": 2.7752293577981653,
      "coef_mean": 1.020593540350103,
      "coef_lb": 1.0205935403501032,
      "coef_ub": 1.0205935403501032
    }
  },
  "1590-1619": {
    "status": "completed",
    "updeg_gini": 0.7220194159178435,
    "lowdeg_gini": 0.32723434502603466,
    "clustering": {
      "obs": 0.5026149875388342,
      "coef_mean": 1.18251581571032,
      "coef_lb": 1.1606382135943747,
      "coef_ub": 1.1917377497046029
    },
    "distance": {
      "obs": 3.5508802308802307,
      "coef_mean": 0.9420451944182064,
      "coef_lb": 0.9231859210071007,
      "coef_ub": 0.9694610777910737
    }
  },
  "1620-1649": {
    "status": "completed",
    "updeg_gini": 0.7356740481740482,
    "lowdeg_gini": 0.34332127242574995,
    "clustering": {
      "obs": 0.49278655108561986,
      "coef_mean": 1.1871511496589178,
      "coef_lb": 1.1345295665464987,
      "coef_ub": 1.2158229127722902
    },
    "distance": {
      "obs": 3.9811954022988507,
      "coef_mean": 1.003796587688131,
      "coef_lb": 0.9932799888088412,
      "coef_ub": 1.0133133094086442
    }
  },
  "1650-1679": {
    "status": "completed",
    "updeg_gini": 0.8087612897595882,
    "lowdeg_gini": 0.3088593123847947,
    "clustering": {
      "obs": 0.5587994478074838,
      "coef_mean": 1.126431681483321,
      "coef_lb": 1.0965501088850154,
      "coef_ub": 1.156313254081627
    },
    "distance": {
      "obs": 4.1355978674790554,
      "coef_mean": 1.065048366953493,
      "coef_lb": 1.0419135720288508,
      "coef_ub": 1.088183161878135
    }
  },
  "1680-1709": {
    "status": "completed",
    "updeg_gini": 0.7991321970484306,
    "lowdeg_gini": 0.31857223486864794,
    "clustering": {
      "obs": 0.5306763192362187,
      "coef_mean": 1.145112329285089,
      "coef_lb": 1.1435959625146606,
      "coef_ub": 1.1451123292850893
    },
    "distance": {
      "obs": 4.574178762414056,
      "coef_mean": 1.1508273816820664,
      "coef_lb": 1.1508273816820662,
      "coef_ub": 1.1529505728671965
    }
  },
  "1710-1739": {
    "status": "completed",
    "updeg_gini": 0.38539318807913836,
    "lowdeg_gini": 0.5551438061004219,
    "clustering": {
      "obs": 0.39984927312604485,
      "coef_mean": 1.6920431740902226,
      "coef_lb": 1.6814017012572524,
      "coef_ub": 1.7173107695347967
    },
    "distance": {
      "obs": 5.375707762557077,
      "coef_mean": 1.09112533136051,
      "coef_lb": 1.0699617377436472,
      "coef_ub": 1.1087373856995484
    }
  },
  "1740-1769": {
    "status": "completed",
    "updeg_gini": 0.3844696505211527,
    "lowdeg_gini": 0.5318440625801488,
    "clustering": {
      "obs": 0.34880813527276133,
      "coef_mean": 1.271688188785884,
      "coef_lb": 1.1903219229279594,
      "coef_ub": 1.3530544546438084
    },
    "distance": {
      "obs": 4.964201680672269,
      "coef_mean": 1.0472195292531592,
      "coef_lb": 1.0436868416385832,
      "coef_ub": 1.0507522168677355
    }
  },
  "1770-1799": {
    "status": "completed",
    "updeg_gini": 0.46661815373648574,
    "lowdeg_gini": 0.5407846539425487,
    "clustering": {
      "obs": 0.3447470320348721,
      "coef_mean": 1.2267554178221856,
      "coef_lb": 1.2267554178221853,
      "coef_ub": 1.2267554178221853
    },
    "distance": {
      "obs": 5.043527054108217,
      "coef_mean": 1.0601044126469499,
      "coef_lb": 1.0601044126469499,
      "coef_ub": 1.0601044126469499
    }
  }
}