{
  "1500-1529": {
    "status": "completed",
    "updeg_gini": 0.6922266139657445,
    "lowdeg_gini": 0.3749934621965525,
    "clustering": {
      "obs": 0.43901436246039516,
      "coef_mean": 1.1171890576127723,
      "coef_lb": 1.1171890576127723,
      "coef_ub": 1.1173290261907736
    },
    "distance": {
      "obs": 3.9007321772639694,
      "coef_mean": 0.9699723385199805,
      "coef_lb": 0.969400654447359,
      "coef_ub": 0.9699723385199805
    }
  },
  "1530-1559": {
    "status": "completed",
    "updeg_gini": 0.7566613635645274,
    "lowdeg_gini": 0.3905087886352523,
    "clustering": {
      "obs": 0.437932915462681,
      "coef_mean": 1.052334570182722,
      "coef_lb": 1.0501013379914603,
      "coef_ub": 1.0523345701827223
    },
    "distance": {
      "obs": 3.6828134556574925,
      "coef_mean": 0.9233232621855704,
      "coef_lb": 0.9233232621855701,
      "coef_ub": 0.9249274419959294
    }
  },
  "1560-1589": {
    "status": "completed",
    "updeg_gini": 0.7716692111086334,
    "lowdeg_gini": 0.3084599260971972,
    "clustering": {
      "obs": 0.519629977925066,
      "coef_mean": 1.0619322346873865,
      "coef_lb": 1.0541230716120913,
      "coef_ub": 1.0716800328559546
    },
    "distance": {
      "obs": 4.034466403162055,
      "coef_mean": 1.0183184771010052,
      "coef_lb": 1.006727526658534,
      "coef_ub": 1.0328135468959763
    }
  },
  "1590-1619": {
    "status": "completed",
    "updeg_gini": 0.8001500116954994,
    "lowdeg_gini": 0.26778548391700197,
    "clustering": {
      "obs": 0.6064457368502917,
      "coef_mean": 1.0475914614187491,
      "coef_lb": 1.0417743554471135,
      "coef_ub": 1.054691543879151
    },
    "distance": {
      "obs": 4.377758215962442,
      "coef_mean": 1.0526164075430764,
      "coef_lb": 1.0520207489241824,
      "coef_ub": 1.0546771914108408
    }
  },
  "1620-1649": {
    "status": "completed",
    "updeg_gini": 0.8651358788165786,
    "lowdeg_gini": 0.2878815206847656,
    "clustering": {
      "obs": 0.5843004327489314,
      "coef_mean": 0.9812507700018406,
      "coef_lb": 0.9812507700018408,
      "coef_ub": 0.9812507700018408
    },
    "distance": {
      "obs": 4.163206423206423,
      "coef_mean": 1.0539210683763742,
      "coef_lb": 1.053921068376374,
      "coef_ub": 1.053921068376374
    }
  },
  "1650-1679": {
    "status": "completed",
    "updeg_gini": 0.8816523917347598,
    "lowdeg_gini": 0.3193124037846937,
    "clustering": {
      "obs": 0.5947709103824053,
      "coef_mean": 1.0235695741718955,
      "coef_lb": 1.0123544855534465,
      "coef_ub": 1.044009562957694
    },
    "distance": {
      "obs": 3.988180708180708,
      "coef_mean": 1.011676024900682,
      "coef_lb": 0.9966137687539349,
      "coef_ub": 1.0286713242480434
    }
  },
  "1680-1709": {
    "status": "completed",
    "updeg_gini": 0.7913725416297637,
    "lowdeg_gini": 0.37235333090216494,
    "clustering": {
      "obs": 0.4509091821794732,
      "coef_mean": 1.1409650551533286,
      "coef_lb": 1.1409650551533288,
      "coef_ub": 1.1437298977488703
    },
    "distance": {
      "obs": 4.489448542325254,
      "coef_mean": 1.0588197151552474,
      "coef_lb": 1.0588197151552476,
      "coef_ub": 1.0597272313183603
    }
  },
  "1710-1739": {
    "status": "completed",
    "updeg_gini": 0.5936418391262737,
    "lowdeg_gini": 0.4574517521024346,
    "clustering": {
      "obs": 0.3876722590218219,
      "coef_mean": 1.1685549670890176,
      "coef_lb": 1.1685549670890174,
      "coef_ub": 1.1685549670890174
    },
    "distance": {
      "obs": 5.088441030275644,
      "coef_mean": 1.1097204881346197,
      "coef_lb": 1.1097204881346197,
      "coef_ub": 1.1097204881346197
    }
  },
  "1740-1769": {
    "status": "completed",
    "updeg_gini": 0.5620210361306199,
    "lowdeg_gini": 0.42334235202845005,
    "clustering": {
      "obs": 0.4206010536277748,
      "coef_mean": 1.4455006932645333,
      "coef_lb": 1.4455006932645331,
      "coef_ub": 1.4455006932645331
    },
    "distance": {
      "obs": 5.660334896182183,
      "coef_mean": 1.124673682002469,
      "coef_lb": 1.1246736820024688,
      "coef_ub": 1.1246736820024688
    }
  },
  "1770-1799": {
    "status": "completed",
    "updeg_gini": 0.5517969363325019,
    "lowdeg_gini": 0.39026039221303543,
    "clustering": {
      "obs": 0.39801627699880454,
      "coef_mean": 1.2379454286473952,
      "coef_lb": 1.237945428647395,
      "coef_ub": 1.237945428647395
    },
    "distance": {
      "obs": 5.757922077922078,
      "coef_mean": 1.0687567066806796,
      "coef_lb": 1.0687567066806793,
      "coef_ub": 1.0687567066806793
    }
  }
}