{
  "1500-1529": {
    "status": "completed",
    "updeg_gini": 0.5957004160887656,
    "lowdeg_gini": 0.17148204468358874,
    "clustering": {
      "obs": 0.6633659628144014,
      "coef_mean": 1.0181046666243698,
      "coef_lb": 0.9772518417342559,
      "coef_ub": 1.05504071954509
    },
    "distance": {
      "obs": 3.471291866028708,
      "coef_mean": 1.029455992515921,
      "coef_lb": 0.9431379028174275,
      "coef_ub": 1.1291455833396624
    }
  },
  "1530-1559": {
    "status": "completed",
    "updeg_gini": 0.7095736122284795,
    "lowdeg_gini": 0.13154498525073732,
    "clustering": {
      "obs": 0.7988373505863368,
      "coef_mean": 1.0403215378976127,
      "coef_lb": 1.040321537897613,
      "coef_ub": 1.040321537897613
    },
    "distance": {
      "obs": 4.058712121212121,
      "coef_mean": 1.234067874692875,
      "coef_lb": 1.2340678746928748,
      "coef_ub": 1.2340678746928748
    }
  },
  "1560-1589": {
    "status": "completed",
    "updeg_gini": 0.8372567783094098,
    "lowdeg_gini": 0.2567710516336348,
    "clustering": {
      "obs": 0.630878605199473,
      "coef_mean": 0.9192834475072594,
      "coef_lb": 0.9192834475072595,
      "coef_ub": 0.9192834475072595
    },
    "distance": {
      "obs": 3.1716951080773605,
      "coef_mean": 0.8387321288841937,
      "coef_lb": 0.8387321288841936,
      "coef_ub": 0.8387321288841936
    }
  },
  "1590-1619": {
    "status": "completed",
    "updeg_gini": 0.818753218760377,
    "lowdeg_gini": 0.26875639814158614,
    "clustering": {
      "obs": 0.6243959373285947,
      "coef_mean": 1.054640998062613,
      "coef_lb": 1.054640998062613,
      "coef_ub": 1.055331451796654
    },
    "distance": {
      "obs": 4.01940253164557,
      "coef_mean": 0.9716996574189615,
      "coef_lb": 0.9716996574189614,
      "coef_ub": 0.9721560120186432
    }
  },
  "1620-1649": {
    "status": "completed",
    "updeg_gini": 0.8578983008562544,
    "lowdeg_gini": 0.2730057442975182,
    "clustering": {
      "obs": 0.6361578802341141,
      "coef_mean": 1.0231152573719557,
      "coef_lb": 1.0231152573719557,
      "coef_ub": 1.0234377277916198
    },
    "distance": {
      "obs": 3.9220983832129344,
      "coef_mean": 1.0037513172214507,
      "coef_lb": 1.003751317221451,
      "coef_ub": 1.0042633024879046
    }
  },
  "1650-1679": {
    "status": "completed",
    "updeg_gini": 0.8981471108328667,
    "lowdeg_gini": 0.2230971072897192,
    "clustering": {
      "obs": 0.6852423857978616,
      "coef_mean": 0.9726130833897277,
      "coef_lb": 0.9641087058476107,
      "coef_ub": 0.980479752082427
    },
    "distance": {
      "obs": 3.838520573277855,
      "coef_mean": 0.9916124950335459,
      "coef_lb": 0.9913922558411136,
      "coef_ub": 0.9923209498864002
    }
  },
  "1680-1709": {
    "status": "completed",
    "updeg_gini": 0.7897210175162293,
    "lowdeg_gini": 0.3162202879198721,
    "clustering": {
      "obs": 0.6151488153223574,
      "coef_mean": 1.0039607517313556,
      "coef_lb": 0.9839882662862943,
      "coef_ub": 1.006481254359292
    },
    "distance": {
      "obs": 3.7075619389587073,
      "coef_mean": 0.9035822930099073,
      "coef_lb": 0.9029588589310128,
      "coef_ub": 0.9041576588364285
    }
  },
  "1710-1739": {
    "status": "completed",
    "updeg_gini": 0.6113564274224648,
    "lowdeg_gini": 0.5099135512892436,
    "clustering": {
      "obs": 0.341045796163649,
      "coef_mean": 1.1221508493028687,
      "coef_lb": 1.0834766530723907,
      "coef_ub": 1.1786548363317904
    },
    "distance": {
      "obs": 4.103247863247863,
      "coef_mean": 0.9706040584084341,
      "coef_lb": 0.9277302237958189,
      "coef_ub": 1.0191396084076383
    }
  },
  "1740-1769": {
    "status": "completed",
    "updeg_gini": 0.5670349709813083,
    "lowdeg_gini": 0.47445091375681825,
    "clustering": {
      "obs": 0.34746155423406333,
      "coef_mean": 1.1085934257890577,
      "coef_lb": 1.0829482252439118,
      "coef_ub": 1.1374738427473012
    },
    "distance": {
      "obs": 4.606552179656539,
      "coef_mean": 1.0334025704840537,
      "coef_lb": 1.0291085979854546,
      "coef_ub": 1.0366927459740167
    }
  },
  "1770-1799": {
    "status": "completed",
    "updeg_gini": 0.6231593876444335,
    "lowdeg_gini": 0.393743099520635,
    "clustering": {
      "obs": 0.3681359721484306,
      "coef_mean": 1.0241760900935575,
      "coef_lb": 1.0241760900935577,
      "coef_ub": 1.0244555933254433
    },
    "distance": {
      "obs": 4.251699164345404,
      "coef_mean": 0.9851472287548322,
      "coef_lb": 0.9851472287548325,
      "coef_ub": 0.98584019095014
    }
  }
}