{
  "1500-1529": {
    "status": "completed",
    "updeg_gini": 0.7993190610623171,
    "lowdeg_gini": 0.4146701104155819,
    "clustering": {
      "obs": 0.34171041054195683,
      "coef_mean": 1.0522635636789048,
      "coef_lb": 1.0094522767648217,
      "coef_ub": 1.059165488985016
    },
    "distance": {
      "obs": 3.6788970588235292,
      "coef_mean": 0.9385714352066344,
      "coef_lb": 0.9356885782280758,
      "coef_ub": 0.9514504431122434
    }
  },
  "1530-1559": {
    "status": "completed",
    "updeg_gini": 0.7175696849744353,
    "lowdeg_gini": 0.3751198145820238,
    "clustering": {
      "obs": 0.3970960185865551,
      "coef_mean": 1.0301789060855964,
      "coef_lb": 1.0301789060855966,
      "coef_ub": 1.0301789060855966
    },
    "distance": {
      "obs": 4.008022284122562,
      "coef_mean": 0.9525557366565304,
      "coef_lb": 0.95255573665653,
      "coef_ub": 0.95255573665653
    }
  },
  "1560-1589": {
    "status": "completed",
    "updeg_gini": 0.7810791523537663,
    "lowdeg_gini": 0.28895644846549584,
    "clustering": {
      "obs": 0.6010728837444701,
      "coef_mean": 1.1188739220724764,
      "coef_lb": 1.1143393348506565,
      "coef_ub": 1.122769475078797
    },
    "distance": {
      "obs": 3.849941422594142,
      "coef_mean": 0.9705146772228499,
      "coef_lb": 0.9605351536936899,
      "coef_ub": 0.9778685397943414
    }
  },
  "1590-1619": {
    "status": "completed",
    "updeg_gini": 0.8026718655711833,
    "lowdeg_gini": 0.2743399047731476,
    "clustering": {
      "obs": 0.6148905847883146,
      "coef_mean": 1.0521332102642411,
      "coef_lb": 1.0521332102642411,
      "coef_ub": 1.0521332102642411
    },
    "distance": {
      "obs": 4.0308719851577,
      "coef_mean": 0.9605709904786546,
      "coef_lb": 0.9605709904786546,
      "coef_ub": 0.9605709904786546
    }
  },
  "1620-1649": {
    "status": "completed",
    "updeg_gini": 0.8434442872994028,
    "lowdeg_gini": 0.2537440574848695,
    "clustering": {
      "obs": 0.6741951069610451,
      "coef_mean": 1.0046845882167914,
      "coef_lb": 1.0046083913150914,
      "coef_ub": 1.0051599791849566
    },
    "distance": {
      "obs": 4.089974066390042,
      "coef_mean": 0.9871128089708628,
      "coef_lb": 0.9869899741353703,
      "coef_ub": 0.9871453519262765
    }
  },
  "1650-1679": {
    "status": "completed",
    "updeg_gini": 0.845709526027143,
    "lowdeg_gini": 0.30439241376005266,
    "clustering": {
      "obs": 0.5885508777469182,
      "coef_mean": 1.0148134691438209,
      "coef_lb": 1.0126863433409095,
      "coef_ub": 1.0167963463375955
    },
    "distance": {
      "obs": 3.925820681753079,
      "coef_mean": 1.0289827457450695,
      "coef_lb": 1.0050766131238136,
      "coef_ub": 1.0472513847032416
    }
  },
  "1680-1709": {
    "status": "completed",
    "updeg_gini": 0.8250426588414508,
    "lowdeg_gini": 0.2622751956544622,
    "clustering": {
      "obs": 0.64231143442009,
      "coef_mean": 0.9837496258223878,
      "coef_lb": 0.9598902390474111,
      "coef_ub": 0.9975258392494285
    },
    "distance": {
      "obs": 4.141073384446878,
      "coef_mean": 1.0157682168106181,
      "coef_lb": 0.9978312504522128,
      "coef_ub": 1.0350394854980287
    }
  },
  "1710-1739": {
    "status": "completed",
    "updeg_gini": 0.6008967813540511,
    "lowdeg_gini": 0.3344422325184442,
    "clustering": {
      "obs": 0.45342809681226803,
      "coef_mean": 0.9223531103855056,
      "coef_lb": 0.9223531103855054,
      "coef_ub": 0.9227543046668063
    },
    "distance": {
      "obs": 5.110769230769231,
      "coef_mean": 1.1072306896620479,
      "coef_lb": 1.1059973966848446,
      "coef_ub": 1.1072306896620476
    }
  },
  "1740-1769": {
    "status": "completed",
    "updeg_gini": 0.6028111089754737,
    "lowdeg_gini": 0.32174256444655724,
    "clustering": {
      "obs": 0.5101431329083478,
      "coef_mean": 1.0533373432617323,
      "coef_lb": 1.0340266639844469,
      "coef_ub": 1.0836694612039586
    },
    "distance": {
      "obs": 4.704497607655503,
      "coef_mean": 1.047940341141396,
      "coef_lb": 1.04153683287927,
      "coef_ub": 1.0560708134191614
    }
  },
  "1770-1799": {
    "status": "completed",
    "updeg_gini": 0.5309868136098947,
    "lowdeg_gini": 0.4629527124871655,
    "clustering": {
      "obs": 0.42397217099810885,
      "coef_mean": 1.4534879537285543,
      "coef_lb": 1.4534879537285543,
      "coef_ub": 1.4630624950344209
    },
    "distance": {
      "obs": 4.685289672544081,
      "coef_mean": 0.9290015308918912,
      "coef_lb": 0.9256871466729122,
      "coef_ub": 0.9290015308918911
    }
  }
}