{
  "1500-1529": {
    "status": "completed",
    "updeg_gini": 0.6758241758241756,
    "lowdeg_gini": 0.2595375930387256,
    "clustering": {
      "obs": 0.5856754920886279,
      "coef_mean": 1.037940812962273,
      "coef_lb": 1.0379408129622731,
      "coef_ub": 1.0379408129622731
    },
    "distance": {
      "obs": 3.2128099173553717,
      "coef_mean": 0.9002269382378068,
      "coef_lb": 0.9002269382378065,
      "coef_ub": 0.9002269382378065
    }
  },
  "1530-1559": {
    "status": "completed",
    "updeg_gini": 0.7377934272300468,
    "lowdeg_gini": 0.24368432819137054,
    "clustering": {
      "obs": 0.5879003195528606,
      "coef_mean": 0.9462033047631063,
      "coef_lb": 0.9462033047631064,
      "coef_ub": 0.9462033047631064
    },
    "distance": {
      "obs": 3.250340136054422,
      "coef_mean": 0.9244854183629695,
      "coef_lb": 0.9244854183629695,
      "coef_ub": 0.9244854183629695
    }
  },
  "1560-1589": {
    "status": "completed",
    "updeg_gini": 0.8247312901400952,
    "lowdeg_gini": 0.27069010638903124,
    "clustering": {
      "obs": 0.6187322874970941,
      "coef_mean": 0.9423171988965185,
      "coef_lb": 0.9423171988965185,
      "coef_ub": 0.9423171988965185
    },
    "distance": {
      "obs": 3.1927473165071074,
      "coef_mean": 0.911730087261294,
      "coef_lb": 0.9117300872612941,
      "coef_ub": 0.9117300872612941
    }
  },
  "1590-1619": {
    "status": "completed",
    "updeg_gini": 0.8291960670908038,
    "lowdeg_gini": 0.25837766982805155,
    "clustering": {
      "obs": 0.6536324181047957,
      "coef_mean": 1.0167673968642839,
      "coef_lb": 1.0167673968642832,
      "coef_ub": 1.017011527761545
    },
    "distance": {
      "obs": 3.591404728789986,
      "coef_mean": 0.9549250383739916,
      "coef_lb": 0.9544914832587559,
      "coef_ub": 0.9549250383739913
    }
  },
  "1620-1649": {
    "status": "completed",
    "updeg_gini": 0.8361274804570054,
    "lowdeg_gini": 0.21835410078152906,
    "clustering": {
      "obs": 0.7004147855371324,
      "coef_mean": 0.9519152099601765,
      "coef_lb": 0.9519152099601765,
      "coef_ub": 0.9519152099601765
    },
    "distance": {
      "obs": 3.5291483406637343,
      "coef_mean": 0.9062569241004752,
      "coef_lb": 0.9062569241004752,
      "coef_ub": 0.9062569241004752
    }
  },
  "1650-1679": {
    "status": "completed",
    "updeg_gini": 0.7998517402698613,
    "lowdeg_gini": 0.2879593138441252,
    "clustering": {
      "obs": 0.569030549020126,
      "coef_mean": 0.9804053894705893,
      "coef_lb": 0.9801038301234241,
      "coef_ub": 0.980405389470589
    },
    "distance": {
      "obs": 3.5096819293953163,
      "coef_mean": 0.9571657524507652,
      "coef_lb": 0.9571657524507655,
      "coef_ub": 0.957213943682868
    }
  },
  "1680-1709": {
    "status": "completed",
    "updeg_gini": 0.7867443205950122,
    "lowdeg_gini": 0.3050098097451359,
    "clustering": {
      "obs": 0.5644796655789537,
      "coef_mean": 0.9907639626666856,
      "coef_lb": 0.9891451835471315,
      "coef_ub": 0.9907639626666861
    },
    "distance": {
      "obs": 3.7489099954771596,
      "coef_mean": 0.9347246815939394,
      "coef_lb": 0.9343271199406918,
      "coef_ub": 0.9347246815939393
    }
  },
  "1710-1739": {
    "status": "completed",
    "updeg_gini": 0.6110536522301229,
    "lowdeg_gini": 0.47598616342698996,
    "clustering": {
      "obs": 0.3707532554548629,
      "coef_mean": 1.0765015199582817,
      "coef_lb": 1.074642851966707,
      "coef_ub": 1.092803497361954
    },
    "distance": {
      "obs": 3.991412429378531,
      "coef_mean": 0.9415337670551542,
      "coef_lb": 0.9404222884397389,
      "coef_ub": 0.9416656675129658
    }
  },
  "1740-1769": {
    "status": "completed",
    "updeg_gini": 0.5389641482397485,
    "lowdeg_gini": 0.5053665020025375,
    "clustering": {
      "obs": 0.30105696519322106,
      "coef_mean": 1.0423313996884689,
      "coef_lb": 1.042331399688469,
      "coef_ub": 1.042331399688469
    },
    "distance": {
      "obs": 4.343232876712329,
      "coef_mean": 0.9658173807019164,
      "coef_lb": 0.9658173807019161,
      "coef_ub": 0.9658173807019161
    }
  },
  "1770-1799": {
    "status": "completed",
    "updeg_gini": 0.694752381841657,
    "lowdeg_gini": 0.3935039522345125,
    "clustering": {
      "obs": 0.44849624667907506,
      "coef_mean": 1.0137704457527146,
      "coef_lb": 1.0137704457527144,
      "coef_ub": 1.0149378008765908
    },
    "distance": {
      "obs": 4.294461292897047,
      "coef_mean": 0.9682545005159866,
      "coef_lb": 0.9673596920573283,
      "coef_ub": 0.9682545005159865
    }
  }
}