{
  "1500-1529": {
    "status": "completed",
    "updeg_gini": 0.7306346304518152,
    "lowdeg_gini": 0.31195270986420454,
    "clustering": {
      "obs": 0.3904005108096604,
      "coef_mean": 1.0310038790468,
      "coef_lb": 1.0310038790468,
      "coef_ub": 1.0310038790468
    },
    "distance": {
      "obs": 3.4370766488413547,
      "coef_mean": 0.9538424675269465,
      "coef_lb": 0.9538424675269465,
      "coef_ub": 0.9538424675269465
    }
  },
  "1530-1559": {
    "status": "completed",
    "updeg_gini": 0.6296296296296298,
    "lowdeg_gini": 0.2723148961076969,
    "clustering": {
      "obs": 0.5336432379244144,
      "coef_mean": 0.9449387998485019,
      "coef_lb": 0.9449387998485022,
      "coef_ub": 0.9449387998485022
    },
    "distance": {
      "obs": 3.751923076923077,
      "coef_mean": 0.8906918042155969,
      "coef_lb": 0.8906918042155969,
      "coef_ub": 0.8906918042155969
    }
  },
  "1560-1589": {
    "status": "completed",
    "updeg_gini": 0.6360153256704981,
    "lowdeg_gini": 0.20471960989202365,
    "clustering": {
      "obs": 0.6602388225548408,
      "coef_mean": 1.0964917668328131,
      "coef_lb": 1.0964917668328134,
      "coef_ub": 1.0964917668328134
    },
    "distance": {
      "obs": 4.001482946119625,
      "coef_mean": 1.0205790526488208,
      "coef_lb": 1.020579052648821,
      "coef_ub": 1.020579052648821
    }
  },
  "1590-1619": {
    "status": "completed",
    "updeg_gini": 0.577555289898386,
    "lowdeg_gini": 0.1417364016736402,
    "clustering": {
      "obs": 0.7303500847755906,
      "coef_mean": 1.107245223157743,
      "coef_lb": 1.1072452231577428,
      "coef_ub": 1.1072452231577428
    },
    "distance": {
      "obs": 4.645833333333333,
      "coef_mean": 1.020512339787292,
      "coef_lb": 1.020512339787292,
      "coef_ub": 1.020512339787292
    }
  },
  "1620-1649": {
    "status": "completed",
    "updeg_gini": 0.7621464562874691,
    "lowdeg_gini": 0.18300046835273664,
    "clustering": {
      "obs": 0.699517376798298,
      "coef_mean": 1.0250125321412829,
      "coef_lb": 1.025012532141283,
      "coef_ub": 1.025012532141283
    },
    "distance": {
      "obs": 4.014568764568764,
      "coef_mean": 0.9509627933775354,
      "coef_lb": 0.9509627933775354,
      "coef_ub": 0.9509627933775354
    }
  },
  "1650-1679": {
    "status": "completed",
    "updeg_gini": 0.7723334231651844,
    "lowdeg_gini": 0.2321559984717596,
    "clustering": {
      "obs": 0.6549073393490188,
      "coef_mean": 1.013549881080134,
      "coef_lb": 1.0092071403217353,
      "coef_ub": 1.017892621838533
    },
    "distance": {
      "obs": 3.900604432505037,
      "coef_mean": 0.9415180887427124,
      "coef_lb": 0.9199304515984597,
      "coef_ub": 0.9631057258869646
    }
  },
  "1680-1709": {
    "status": "completed",
    "updeg_gini": 0.6926549068481771,
    "lowdeg_gini": 0.3509303914576547,
    "clustering": {
      "obs": 0.5982870983180303,
      "coef_mean": 1.2718759248762186,
      "coef_lb": 1.2718759248762181,
      "coef_ub": 1.2731135130036384
    },
    "distance": {
      "obs": 4.547622641509434,
      "coef_mean": 1.067560182577821,
      "coef_lb": 1.0675601825778205,
      "coef_ub": 1.0681734523689086
    }
  },
  "1710-1739": {
    "status": "completed",
    "updeg_gini": 0.4545310174117607,
    "lowdeg_gini": 0.4169977915755161,
    "clustering": {
      "obs": 0.42639792174321633,
      "coef_mean": 1.4099012646302227,
      "coef_lb": 1.3269338073000725,
      "coef_ub": 1.4636260789782742
    },
    "distance": {
      "obs": 5.847368421052631,
      "coef_mean": 1.1110216531878365,
      "coef_lb": 1.041786533478467,
      "coef_ub": 1.1519480092676275
    }
  },
  "1740-1769": {
    "status": "completed",
    "updeg_gini": 0.5022612014429864,
    "lowdeg_gini": 0.4342969818200233,
    "clustering": {
      "obs": 0.42521797215320517,
      "coef_mean": 1.2124039015080463,
      "coef_lb": 1.2120190469282786,
      "coef_ub": 1.212403901508046
    },
    "distance": {
      "obs": 5.180388841927304,
      "coef_mean": 1.1257661214104804,
      "coef_lb": 1.1257661214104804,
      "coef_ub": 1.1283235193106618
    }
  },
  "1770-1799": {
    "status": "completed",
    "updeg_gini": 0.5476828746026254,
    "lowdeg_gini": 0.48058508574975134,
    "clustering": {
      "obs": 0.32063799397426096,
      "coef_mean": 1.3071769656958776,
      "coef_lb": 1.3071769656958774,
      "coef_ub": 1.3099585589513854
    },
    "distance": {
      "obs": 5.4116774471755065,
      "coef_mean": 1.0790288030654374,
      "coef_lb": 1.0784426210599198,
      "coef_ub": 1.0790288030654374
    }
  }
}