{
  "1500-1529": {
    "status": "completed",
    "updeg_gini": 0.7238562091503269,
    "lowdeg_gini": 0.39158714623603297,
    "clustering": {
      "obs": 0.47360110084526147,
      "coef_mean": 1.135454478760845,
      "coef_lb": 1.0966720909380003,
      "coef_ub": 1.1732459015938952
    },
    "distance": {
      "obs": 3.2611940298507465,
      "coef_mean": 0.8446887542432272,
      "coef_lb": 0.8274584935229942,
      "coef_ub": 0.862312243476907
    }
  },
  "1530-1559": {
    "status": "completed",
    "updeg_gini": 0.8142490742427002,
    "lowdeg_gini": 0.3995601150999615,
    "clustering": {
      "obs": 0.39392860748798647,
      "coef_mean": 0.9792853910968109,
      "coef_lb": 0.979285391096811,
      "coef_ub": 0.9798947115999047
    },
    "distance": {
      "obs": 3.334283231972198,
      "coef_mean": 0.856779865198518,
      "coef_lb": 0.8548557384734211,
      "coef_ub": 0.8567798651985179
    }
  },
  "1560-1589": {
    "status": "completed",
    "updeg_gini": 0.837106745630507,
    "lowdeg_gini": 0.364447502320548,
    "clustering": {
      "obs": 0.4615426295380853,
      "coef_mean": 1.0081108619379495,
      "coef_lb": 1.0081108619379497,
      "coef_ub": 1.008342421242256
    },
    "distance": {
      "obs": 3.7891629955947135,
      "coef_mean": 0.9539191493137607,
      "coef_lb": 0.9520245727410371,
      "coef_ub": 0.9539191493137604
    }
  },
  "1590-1619": {
    "status": "completed",
    "updeg_gini": 0.8485399384175831,
    "lowdeg_gini": 0.37677053357389045,
    "clustering": {
      "obs": 0.450813578237458,
      "coef_mean": 1.119382985424651,
      "coef_lb": 1.104469036386765,
      "coef_ub": 1.1229400845870505
    },
    "distance": {
      "obs": 3.740313099985231,
      "coef_mean": 0.9710543647021467,
      "coef_lb": 0.9702522860107347,
      "coef_ub": 0.9722267309326628
    }
  },
  "1620-1649": {
    "status": "completed",
    "updeg_gini": 0.8578878970174038,
    "lowdeg_gini": 0.3249494523843979,
    "clustering": {
      "obs": 0.542465308284271,
      "coef_mean": 0.9970881293585624,
      "coef_lb": 0.9970881293585623,
      "coef_ub": 0.9970881293585623
    },
    "distance": {
      "obs": 3.6353562531141006,
      "coef_mean": 0.9507286157912807,
      "coef_lb": 0.9507286157912808,
      "coef_ub": 0.9507286157912808
    }
  },
  "1650-1679": {
    "status": "completed",
    "updeg_gini": 0.8750145158652274,
    "lowdeg_gini": 0.3764223299062477,
    "clustering": {
      "obs": 0.5176974497532779,
      "coef_mean": 1.034055932286649,
      "coef_lb": 1.0321810360681025,
      "coef_ub": 1.0472438332065686
    },
    "distance": {
      "obs": 3.5596282695046093,
      "coef_mean": 0.9160754840835347,
      "coef_lb": 0.9138863751405422,
      "coef_ub": 0.9234318421066442
    }
  },
  "1680-1709": {
    "status": "completed",
    "updeg_gini": 0.8300910330944138,
    "lowdeg_gini": 0.396304465055779,
    "clustering": {
      "obs": 0.46980371724204567,
      "coef_mean": 1.0200532546255257,
      "coef_lb": 1.0173305893585511,
      "coef_ub": 1.0200532546255259
    },
    "distance": {
      "obs": 3.7759981515711645,
      "coef_mean": 0.9656470027304579,
      "coef_lb": 0.9648772539971878,
      "coef_ub": 0.9656470027304581
    }
  },
  "1710-1739": {
    "status": "completed",
    "updeg_gini": 0.6708386164816824,
    "lowdeg_gini": 0.49895412181345766,
    "clustering": {
      "obs": 0.3474554725381795,
      "coef_mean": 1.1287816300420983,
      "coef_lb": 1.1026775427895297,
      "coef_ub": 1.1448297402411745
    },
    "distance": {
      "obs": 4.33821325648415,
      "coef_mean": 1.0089099509710944,
      "coef_lb": 1.0077740860825892,
      "coef_ub": 1.0110514277392
    }
  },
  "1740-1769": {
    "status": "completed",
    "updeg_gini": 0.6673717182807504,
    "lowdeg_gini": 0.42695126846499676,
    "clustering": {
      "obs": 0.42099805295252984,
      "coef_mean": 1.1278327505248744,
      "coef_lb": 1.1129752119680631,
      "coef_ub": 1.1426902890816857
    },
    "distance": {
      "obs": 4.4974809160305345,
      "coef_mean": 1.0235343759763686,
      "coef_lb": 1.0122075608347751,
      "coef_ub": 1.0348611911179624
    }
  },
  "1770-1799": {
    "status": "completed",
    "updeg_gini": 0.7164541241677496,
    "lowdeg_gini": 0.38107801080949955,
    "clustering": {
      "obs": 0.45066633980566023,
      "coef_mean": 1.063572312242346,
      "coef_lb": 1.0579615902615735,
      "coef_ub": 1.069183034223118
    },
    "distance": {
      "obs": 4.078111227701994,
      "coef_mean": 0.9548830989730428,
      "coef_lb": 0.9403490093138224,
      "coef_ub": 0.9694171886322627
    }
  }
}